{
    "loss": 3.2345197200775146,
    "accuracy": 0.6402877569198608
}