{
    "loss": 5.61648416519165,
    "accuracy": 0.5035971403121948
}